日付,商品名,カテゴリ,地域,数量,単価,売上金額
2026-07-01,カフェオレベース,食品,その他,3,980,2940
2026-07-01,タンブラー,雑貨,札幌,4,2800,11200
2026-07-01,ドリップコーヒー12杯,食品,東京,1,1200,1200
2026-07-01,ギフトセット,ギフト,その他,3,4500,13500
2026-07-01,定期便（月1）,サブスク,大阪,4,3600,14400
2026-07-01,マグカップ,雑貨,札幌,5,1800,9000
2026-07-02,ドリップコーヒー12杯,食品,その他,2,1200,2400
2026-07-02,コーヒー豆200g,食品,大阪,1,1500,1500
2026-07-02,タンブラー,雑貨,名古屋,2,2800,5600
2026-07-02,定期便（月1）,サブスク,大阪,1,3600,3600
2026-07-02,カフェオレベース,食品,大阪,2,980,1960
2026-07-03,カフェオレベース,食品,東京,1,980,980
2026-07-03,マグカップ,雑貨,名古屋,3,1800,5400
2026-07-03,マグカップ,雑貨,名古屋,2,1800,3600
2026-07-03,ギフトセット,ギフト,名古屋,1,4500,4500
2026-07-04,マグカップ,雑貨,その他,5,1800,9000
2026-07-04,ドリップパックギフト,ギフト,福岡,3,3200,9600
2026-07-04,コーヒー豆200g,食品,東京,4,1500,6000
2026-07-05,ドリップパックギフト,ギフト,名古屋,5,3200,16000
2026-07-05,カフェオレベース,食品,その他,1,980,980
2026-07-05,定期便（月1）,サブスク,福岡,4,3600,14400
2026-07-05,ドリップパックギフト,ギフト,福岡,2,3200,6400
2026-07-05,ギフトセット,ギフト,大阪,5,4500,22500
2026-07-05,ギフトセット,ギフト,東京,4,4500,18000
2026-07-06,ドリップコーヒー12杯,食品,東京,5,1200,6000
2026-07-06,マグカップ,雑貨,東京,1,1800,1800
2026-07-06,ギフトセット,ギフト,札幌,1,4500,4500
2026-07-06,ギフトセット,ギフト,その他,5,4500,22500
2026-07-06,カフェオレベース,食品,名古屋,4,980,3920
2026-07-06,コーヒー豆200g,食品,東京,3,1500,4500
2026-07-07,ギフトセット,ギフト,名古屋,2,4500,9000
2026-07-07,ドリップパックギフト,ギフト,その他,3,3200,9600
2026-07-07,定期便（月1）,サブスク,札幌,4,3600,14400
2026-07-07,定期便（月1）,サブスク,名古屋,2,3600,7200
2026-07-07,定期便（月1）,サブスク,東京,3,3600,10800
2026-07-07,定期便（月1）,サブスク,名古屋,5,3600,18000
2026-07-08,マグカップ,雑貨,その他,3,1800,5400
2026-07-08,タンブラー,雑貨,名古屋,2,2800,5600
2026-07-08,カフェオレベース,食品,福岡,4,980,3920
2026-07-08,定期便（月1）,サブスク,名古屋,4,3600,14400
2026-07-08,定期便（月1）,サブスク,その他,1,3600,3600
2026-07-09,コーヒー豆200g,食品,名古屋,3,1500,4500
2026-07-09,カフェオレベース,食品,大阪,3,980,2940
2026-07-09,マグカップ,雑貨,大阪,3,1800,5400
2026-07-09,コーヒー豆200g,食品,その他,5,1500,7500
2026-07-09,マグカップ,雑貨,札幌,4,1800,7200
2026-07-09,コーヒー豆200g,食品,札幌,5,1500,7500
2026-07-10,マグカップ,雑貨,名古屋,2,1800,3600
2026-07-10,マグカップ,雑貨,札幌,1,1800,1800
2026-07-10,ドリップコーヒー12杯,食品,その他,2,1200,2400
2026-07-10,定期便（月1）,サブスク,名古屋,3,3600,10800
2026-07-10,マグカップ,雑貨,福岡,1,1800,1800
2026-07-10,ドリップパックギフト,ギフト,福岡,3,3200,9600
2026-07-10,タンブラー,雑貨,東京,1,2800,2800
2026-07-11,ドリップパックギフト,ギフト,札幌,3,3200,9600
2026-07-11,カフェオレベース,食品,名古屋,4,980,3920
2026-07-11,ドリップコーヒー12杯,食品,大阪,2,1200,2400
2026-07-12,ドリップコーヒー12杯,食品,福岡,1,1200,1200
2026-07-12,ドリップパックギフト,ギフト,大阪,5,3200,16000
2026-07-12,ギフトセット,ギフト,大阪,5,4500,22500
2026-07-12,ドリップコーヒー12杯,食品,福岡,3,1200,3600
2026-07-13,ドリップコーヒー12杯,食品,その他,3,1200,3600
2026-07-13,カフェオレベース,食品,大阪,1,980,980
2026-07-13,定期便（月1）,サブスク,札幌,1,3600,3600
2026-07-13,タンブラー,雑貨,札幌,1,2800,2800
2026-07-13,タンブラー,雑貨,名古屋,3,2800,8400
2026-07-13,ドリップコーヒー12杯,食品,大阪,4,1200,4800
2026-07-14,カフェオレベース,食品,大阪,1,980,980
2026-07-14,ギフトセット,ギフト,東京,2,4500,9000
2026-07-14,ドリップパックギフト,ギフト,大阪,1,3200,3200
2026-07-14,定期便（月1）,サブスク,東京,5,3600,18000
2026-07-14,カフェオレベース,食品,その他,1,980,980
2026-07-14,カフェオレベース,食品,札幌,1,980,980
2026-07-15,定期便（月1）,サブスク,大阪,5,3600,18000
2026-07-15,マグカップ,雑貨,名古屋,2,1800,3600
2026-07-15,ドリップパックギフト,ギフト,東京,5,3200,16000
2026-07-15,タンブラー,雑貨,その他,4,2800,11200
2026-07-15,ドリップパックギフト,ギフト,札幌,5,3200,16000
2026-07-15,タンブラー,雑貨,札幌,4,2800,11200
2026-07-16,ドリップパックギフト,ギフト,名古屋,4,3200,12800
2026-07-16,ドリップコーヒー12杯,食品,大阪,4,1200,4800
2026-07-16,タンブラー,雑貨,名古屋,5,2800,14000
2026-07-17,定期便（月1）,サブスク,大阪,4,3600,14400
2026-07-17,ギフトセット,ギフト,大阪,1,4500,4500
2026-07-17,カフェオレベース,食品,札幌,2,980,1960
2026-07-17,定期便（月1）,サブスク,その他,5,3600,18000
2026-07-17,ギフトセット,ギフト,名古屋,3,4500,13500
2026-07-18,ドリップコーヒー12杯,食品,東京,2,1200,2400
2026-07-18,定期便（月1）,サブスク,大阪,1,3600,3600
2026-07-18,ドリップコーヒー12杯,食品,大阪,5,1200,6000
2026-07-18,ドリップコーヒー12杯,食品,その他,3,1200,3600
2026-07-18,ドリップパックギフト,ギフト,福岡,1,3200,3200
2026-07-19,ギフトセット,ギフト,東京,2,4500,9000
2026-07-19,ドリップコーヒー12杯,食品,札幌,3,1200,3600
2026-07-19,ドリップパックギフト,ギフト,東京,4,3200,12800
2026-07-19,ドリップパックギフト,ギフト,札幌,5,3200,16000
2026-07-19,マグカップ,雑貨,名古屋,4,1800,7200
2026-07-20,カフェオレベース,食品,大阪,1,980,980
2026-07-20,カフェオレベース,食品,名古屋,4,980,3920
2026-07-21,タンブラー,雑貨,大阪,4,2800,11200
2026-07-21,ドリップコーヒー12杯,食品,札幌,5,1200,6000
2026-07-21,タンブラー,雑貨,札幌,4,2800,11200
2026-07-21,コーヒー豆200g,食品,札幌,2,1500,3000
2026-07-22,マグカップ,雑貨,東京,2,1800,3600
2026-07-22,マグカップ,雑貨,福岡,4,1800,7200
2026-07-22,定期便（月1）,サブスク,大阪,4,3600,14400
2026-07-22,マグカップ,雑貨,名古屋,3,1800,5400
2026-07-22,ドリップパックギフト,ギフト,大阪,3,3200,9600
2026-07-22,コーヒー豆200g,食品,その他,5,1500,7500
2026-07-22,定期便（月1）,サブスク,札幌,4,3600,14400
2026-07-23,マグカップ,雑貨,福岡,1,1800,1800
2026-07-23,ドリップパックギフト,ギフト,大阪,5,3200,16000
2026-07-23,タンブラー,雑貨,大阪,1,2800,2800
2026-07-23,ドリップコーヒー12杯,食品,福岡,1,1200,1200
2026-07-24,マグカップ,雑貨,その他,1,1800,1800
2026-07-24,定期便（月1）,サブスク,名古屋,1,3600,3600
2026-07-24,タンブラー,雑貨,名古屋,3,2800,8400
2026-07-24,カフェオレベース,食品,名古屋,3,980,2940
2026-07-24,マグカップ,雑貨,大阪,3,1800,5400
2026-07-24,定期便（月1）,サブスク,名古屋,3,3600,10800
2026-07-25,ドリップコーヒー12杯,食品,東京,5,1200,6000
2026-07-25,定期便（月1）,サブスク,東京,4,3600,14400
2026-07-25,カフェオレベース,食品,その他,4,980,3920
2026-07-25,ギフトセット,ギフト,福岡,5,4500,22500
2026-07-25,コーヒー豆200g,食品,札幌,5,1500,7500
2026-07-25,定期便（月1）,サブスク,その他,2,3600,7200
2026-07-25,定期便（月1）,サブスク,大阪,4,3600,14400
2026-07-26,定期便（月1）,サブスク,名古屋,5,3600,18000
2026-07-26,ドリップコーヒー12杯,食品,福岡,1,1200,1200
2026-07-26,カフェオレベース,食品,大阪,3,980,2940
2026-07-26,タンブラー,雑貨,東京,3,2800,8400
2026-07-26,ドリップパックギフト,ギフト,大阪,4,3200,12800
2026-07-26,ギフトセット,ギフト,その他,1,4500,4500
2026-07-26,コーヒー豆200g,食品,東京,5,1500,7500
2026-07-27,コーヒー豆200g,食品,東京,1,1500,1500
2026-07-27,コーヒー豆200g,食品,札幌,3,1500,4500
2026-07-27,定期便（月1）,サブスク,福岡,5,3600,18000
2026-07-28,ドリップパックギフト,ギフト,東京,1,3200,3200
2026-07-28,ギフトセット,ギフト,福岡,3,4500,13500
2026-07-28,定期便（月1）,サブスク,その他,1,3600,3600
2026-07-28,マグカップ,雑貨,大阪,5,1800,9000
2026-07-28,定期便（月1）,サブスク,名古屋,2,3600,7200
2026-07-28,ドリップコーヒー12杯,食品,東京,4,1200,4800
2026-07-29,ドリップコーヒー12杯,食品,名古屋,2,1200,2400
2026-07-29,定期便（月1）,サブスク,福岡,4,3600,14400
2026-07-29,ギフトセット,ギフト,札幌,5,4500,22500
2026-07-29,定期便（月1）,サブスク,福岡,1,3600,3600
2026-07-29,ギフトセット,ギフト,その他,1,4500,4500
2026-07-29,ドリップパックギフト,ギフト,福岡,2,3200,6400
2026-07-30,カフェオレベース,食品,その他,3,980,2940
2026-07-30,マグカップ,雑貨,札幌,5,1800,9000
2026-07-31,ギフトセット,ギフト,その他,2,4500,9000
2026-07-31,定期便（月1）,サブスク,東京,3,3600,10800
2026-07-31,タンブラー,雑貨,福岡,1,2800,2800
2026-08-01,ギフトセット,ギフト,名古屋,2,4500,9000
2026-08-01,ドリップパックギフト,ギフト,札幌,2,3200,6400
2026-08-01,ドリップコーヒー12杯,食品,その他,1,1200,1200
2026-08-01,タンブラー,雑貨,その他,4,2800,11200
2026-08-02,カフェオレベース,食品,名古屋,1,980,980
2026-08-02,ドリップパックギフト,ギフト,大阪,2,3200,6400
2026-08-03,ドリップコーヒー12杯,食品,大阪,3,1200,3600
2026-08-03,コーヒー豆200g,食品,東京,2,1500,3000
2026-08-04,定期便（月1）,サブスク,その他,3,3600,10800
2026-08-04,カフェオレベース,食品,福岡,1,980,980
2026-08-05,コーヒー豆200g,食品,大阪,1,1500,1500
2026-08-05,ドリップパックギフト,ギフト,札幌,3,3200,9600
2026-08-05,タンブラー,雑貨,その他,1,2800,2800
2026-08-05,定期便（月1）,サブスク,大阪,3,3600,10800
2026-08-05,ギフトセット,ギフト,札幌,1,4500,4500
2026-08-06,ドリップパックギフト,ギフト,その他,3,3200,9600
2026-08-06,コーヒー豆200g,食品,福岡,2,1500,3000
2026-08-07,定期便（月1）,サブスク,大阪,2,3600,7200
2026-08-07,ドリップパックギフト,ギフト,福岡,2,3200,6400
2026-08-08,ドリップコーヒー12杯,食品,名古屋,4,1200,4800
2026-08-08,コーヒー豆200g,食品,東京,2,1500,3000
2026-08-08,ドリップコーヒー12杯,食品,その他,5,1200,6000
2026-08-08,ドリップパックギフト,ギフト,札幌,1,3200,3200
2026-08-08,ドリップパックギフト,ギフト,その他,2,3200,6400
2026-08-08,ドリップコーヒー12杯,食品,その他,5,1200,6000
2026-08-08,ギフトセット,ギフト,名古屋,2,4500,9000
2026-08-09,ギフトセット,ギフト,大阪,1,4500,4500
2026-08-09,タンブラー,雑貨,名古屋,1,2800,2800
2026-08-09,ギフトセット,ギフト,大阪,2,4500,9000
2026-08-10,ドリップパックギフト,ギフト,札幌,1,3200,3200
2026-08-10,カフェオレベース,食品,札幌,5,980,4900
2026-08-10,タンブラー,雑貨,その他,4,2800,11200
2026-08-10,ドリップパックギフト,ギフト,大阪,3,3200,9600
2026-08-10,マグカップ,雑貨,その他,3,1800,5400
2026-08-11,定期便（月1）,サブスク,大阪,2,3600,7200
2026-08-11,ドリップパックギフト,ギフト,大阪,1,3200,3200
2026-08-11,ドリップパックギフト,ギフト,福岡,5,3200,16000
2026-08-11,ギフトセット,ギフト,名古屋,2,4500,9000
2026-08-11,定期便（月1）,サブスク,その他,4,3600,14400
2026-08-12,マグカップ,雑貨,大阪,3,1800,5400
2026-08-12,ドリップパックギフト,ギフト,大阪,3,3200,9600
2026-08-12,ギフトセット,ギフト,大阪,1,4500,4500
2026-08-12,コーヒー豆200g,食品,その他,2,1500,3000
2026-08-12,カフェオレベース,食品,その他,5,980,4900
2026-08-13,タンブラー,雑貨,名古屋,3,2800,8400
2026-08-13,タンブラー,雑貨,福岡,5,2800,14000
2026-08-13,ドリップパックギフト,ギフト,福岡,2,3200,6400
2026-08-13,定期便（月1）,サブスク,札幌,2,3600,7200
2026-08-13,コーヒー豆200g,食品,札幌,2,1500,3000
2026-08-13,ギフトセット,ギフト,その他,4,4500,18000
2026-08-14,カフェオレベース,食品,名古屋,2,980,1960
2026-08-14,ドリップコーヒー12杯,食品,大阪,4,1200,4800
2026-08-14,ギフトセット,ギフト,福岡,3,4500,13500
2026-08-14,定期便（月1）,サブスク,東京,4,3600,14400
2026-08-14,ドリップパックギフト,ギフト,福岡,2,3200,6400
2026-08-14,ドリップパックギフト,ギフト,名古屋,3,3200,9600
2026-08-14,ドリップコーヒー12杯,食品,札幌,4,1200,4800
2026-08-15,ドリップコーヒー12杯,食品,福岡,5,1200,6000
2026-08-15,ドリップコーヒー12杯,食品,札幌,3,1200,3600
2026-08-15,タンブラー,雑貨,大阪,4,2800,11200
2026-08-15,ギフトセット,ギフト,その他,4,4500,18000
2026-08-15,ドリップコーヒー12杯,食品,名古屋,3,1200,3600
2026-08-15,コーヒー豆200g,食品,福岡,4,1500,6000
2026-08-15,タンブラー,雑貨,その他,1,2800,2800
2026-08-16,定期便（月1）,サブスク,福岡,4,3600,14400
2026-08-16,マグカップ,雑貨,札幌,5,1800,9000
2026-08-16,ギフトセット,ギフト,札幌,4,4500,18000
2026-08-16,コーヒー豆200g,食品,札幌,2,1500,3000
2026-08-17,コーヒー豆200g,食品,札幌,3,1500,4500
2026-08-17,タンブラー,雑貨,福岡,3,2800,8400
2026-08-17,定期便（月1）,サブスク,名古屋,4,3600,14400
2026-08-18,カフェオレベース,食品,その他,2,980,1960
2026-08-18,ギフトセット,ギフト,札幌,1,4500,4500
2026-08-18,コーヒー豆200g,食品,福岡,4,1500,6000
2026-08-18,ドリップコーヒー12杯,食品,東京,4,1200,4800
2026-08-19,コーヒー豆200g,食品,札幌,1,1500,1500
2026-08-19,ドリップコーヒー12杯,食品,名古屋,3,1200,3600
2026-08-19,コーヒー豆200g,食品,札幌,2,1500,3000
2026-08-19,マグカップ,雑貨,その他,2,1800,3600
2026-08-19,定期便（月1）,サブスク,その他,5,3600,18000
2026-08-19,コーヒー豆200g,食品,東京,3,1500,4500
2026-08-20,コーヒー豆200g,食品,その他,2,1500,3000
2026-08-20,ドリップコーヒー12杯,食品,福岡,5,1200,6000
2026-08-20,ドリップコーヒー12杯,食品,大阪,1,1200,1200
2026-08-20,ドリップパックギフト,ギフト,札幌,4,3200,12800
2026-08-20,ドリップパックギフト,ギフト,福岡,3,3200,9600
2026-08-21,カフェオレベース,食品,福岡,3,980,2940
2026-08-21,マグカップ,雑貨,その他,2,1800,3600
2026-08-21,ギフトセット,ギフト,その他,5,4500,22500
2026-08-22,マグカップ,雑貨,札幌,2,1800,3600
2026-08-22,ドリップパックギフト,ギフト,その他,2,3200,6400
2026-08-22,定期便（月1）,サブスク,福岡,5,3600,18000
2026-08-22,ドリップパックギフト,ギフト,東京,3,3200,9600
2026-08-22,タンブラー,雑貨,福岡,3,2800,8400
2026-08-23,ギフトセット,ギフト,東京,4,4500,18000
2026-08-23,ドリップパックギフト,ギフト,名古屋,4,3200,12800
2026-08-23,マグカップ,雑貨,大阪,4,1800,7200
2026-08-23,タンブラー,雑貨,札幌,1,2800,2800
2026-08-24,コーヒー豆200g,食品,その他,1,1500,1500
2026-08-24,ギフトセット,ギフト,大阪,2,4500,9000
2026-08-24,タンブラー,雑貨,札幌,2,2800,5600
2026-08-25,カフェオレベース,食品,福岡,4,980,3920
2026-08-25,タンブラー,雑貨,札幌,1,2800,2800
2026-08-25,ドリップパックギフト,ギフト,東京,4,3200,12800
2026-08-26,定期便（月1）,サブスク,名古屋,4,3600,14400
2026-08-26,定期便（月1）,サブスク,その他,2,3600,7200
2026-08-26,タンブラー,雑貨,東京,5,2800,14000
2026-08-26,マグカップ,雑貨,その他,3,1800,5400
2026-08-26,ギフトセット,ギフト,東京,4,4500,18000
2026-08-26,コーヒー豆200g,食品,その他,3,1500,4500
2026-08-27,ギフトセット,ギフト,東京,4,4500,18000
2026-08-27,コーヒー豆200g,食品,名古屋,3,1500,4500
2026-08-27,定期便（月1）,サブスク,福岡,1,3600,3600
2026-08-27,ギフトセット,ギフト,福岡,5,4500,22500
2026-08-27,ドリップコーヒー12杯,食品,東京,5,1200,6000
2026-08-28,カフェオレベース,食品,東京,4,980,3920
2026-08-28,タンブラー,雑貨,福岡,2,2800,5600
2026-08-28,定期便（月1）,サブスク,名古屋,2,3600,7200
2026-08-28,カフェオレベース,食品,名古屋,4,980,3920
2026-08-29,カフェオレベース,食品,大阪,4,980,3920
2026-08-29,カフェオレベース,食品,その他,1,980,980
2026-08-29,定期便（月1）,サブスク,名古屋,5,3600,18000
2026-08-29,定期便（月1）,サブスク,名古屋,3,3600,10800
2026-08-29,カフェオレベース,食品,福岡,1,980,980
2026-08-29,ギフトセット,ギフト,名古屋,4,4500,18000
2026-08-29,定期便（月1）,サブスク,大阪,1,3600,3600
2026-08-30,カフェオレベース,食品,その他,3,980,2940
2026-08-30,ギフトセット,ギフト,その他,4,4500,18000
2026-08-30,タンブラー,雑貨,札幌,1,2800,2800
2026-08-30,ドリップパックギフト,ギフト,大阪,2,3200,6400
2026-08-31,ドリップパックギフト,ギフト,その他,4,3200,12800
2026-08-31,定期便（月1）,サブスク,東京,1,3600,3600
2026-08-31,コーヒー豆200g,食品,札幌,2,1500,3000
2026-08-31,コーヒー豆200g,食品,福岡,3,1500,4500
2026-08-31,マグカップ,雑貨,東京,2,1800,3600
2026-08-31,カフェオレベース,食品,その他,2,980,1960
2026-08-31,マグカップ,雑貨,大阪,4,1800,7200
2026-09-01,タンブラー,雑貨,その他,4,2800,11200
2026-09-01,マグカップ,雑貨,東京,1,1800,1800
2026-09-02,ギフトセット,ギフト,東京,5,4500,22500
2026-09-02,コーヒー豆200g,食品,東京,2,1500,3000
2026-09-02,ドリップパックギフト,ギフト,福岡,5,3200,16000
2026-09-03,ドリップコーヒー12杯,食品,東京,5,1200,6000
2026-09-03,ドリップコーヒー12杯,食品,福岡,5,1200,6000
2026-09-03,ドリップパックギフト,ギフト,福岡,2,3200,6400
2026-09-03,タンブラー,雑貨,福岡,2,2800,5600
2026-09-03,カフェオレベース,食品,福岡,1,980,980
2026-09-03,ドリップパックギフト,ギフト,札幌,3,3200,9600
2026-09-03,ドリップコーヒー12杯,食品,札幌,5,1200,6000
2026-09-04,コーヒー豆200g,食品,福岡,1,1500,1500
2026-09-04,コーヒー豆200g,食品,大阪,3,1500,4500
2026-09-05,ギフトセット,ギフト,その他,3,4500,13500
2026-09-05,カフェオレベース,食品,大阪,5,980,4900
2026-09-06,マグカップ,雑貨,その他,5,1800,9000
2026-09-06,ギフトセット,ギフト,東京,3,4500,13500
2026-09-06,コーヒー豆200g,食品,その他,1,1500,1500
2026-09-06,ドリップパックギフト,ギフト,その他,2,3200,6400
2026-09-06,定期便（月1）,サブスク,福岡,3,3600,10800
2026-09-06,タンブラー,雑貨,福岡,4,2800,11200
2026-09-07,定期便（月1）,サブスク,その他,3,3600,10800
2026-09-07,コーヒー豆200g,食品,東京,3,1500,4500
2026-09-08,ギフトセット,ギフト,名古屋,2,4500,9000
2026-09-08,コーヒー豆200g,食品,札幌,5,1500,7500
2026-09-08,タンブラー,雑貨,大阪,5,2800,14000
2026-09-09,定期便（月1）,サブスク,名古屋,5,3600,18000
2026-09-09,カフェオレベース,食品,大阪,4,980,3920
2026-09-09,ドリップコーヒー12杯,食品,大阪,5,1200,6000
2026-09-09,コーヒー豆200g,食品,福岡,2,1500,3000
2026-09-09,カフェオレベース,食品,大阪,4,980,3920
2026-09-10,タンブラー,雑貨,名古屋,2,2800,5600
2026-09-10,マグカップ,雑貨,名古屋,3,1800,5400
2026-09-11,ギフトセット,ギフト,東京,5,4500,22500
2026-09-11,タンブラー,雑貨,札幌,3,2800,8400
2026-09-12,ギフトセット,ギフト,大阪,1,4500,4500
2026-09-12,ドリップコーヒー12杯,食品,札幌,5,1200,6000
2026-09-12,ドリップコーヒー12杯,食品,大阪,2,1200,2400
2026-09-12,ギフトセット,ギフト,福岡,5,4500,22500
2026-09-12,マグカップ,雑貨,東京,4,1800,7200
2026-09-13,カフェオレベース,食品,大阪,4,980,3920
2026-09-13,タンブラー,雑貨,名古屋,5,2800,14000
2026-09-13,コーヒー豆200g,食品,東京,5,1500,7500
2026-09-13,ドリップパックギフト,ギフト,名古屋,4,3200,12800
2026-09-13,定期便（月1）,サブスク,名古屋,4,3600,14400
2026-09-14,マグカップ,雑貨,大阪,4,1800,7200
2026-09-14,ギフトセット,ギフト,福岡,2,4500,9000
2026-09-14,タンブラー,雑貨,東京,2,2800,5600
2026-09-14,コーヒー豆200g,食品,東京,1,1500,1500
2026-09-14,コーヒー豆200g,食品,東京,5,1500,7500
2026-09-15,ドリップコーヒー12杯,食品,大阪,2,1200,2400
2026-09-15,ギフトセット,ギフト,その他,2,4500,9000
2026-09-15,カフェオレベース,食品,福岡,4,980,3920
2026-09-15,マグカップ,雑貨,名古屋,5,1800,9000
2026-09-16,タンブラー,雑貨,福岡,3,2800,8400
2026-09-16,タンブラー,雑貨,大阪,2,2800,5600
2026-09-17,マグカップ,雑貨,大阪,4,1800,7200
2026-09-17,ドリップコーヒー12杯,食品,その他,5,1200,6000
2026-09-17,タンブラー,雑貨,名古屋,3,2800,8400
2026-09-17,マグカップ,雑貨,東京,3,1800,5400
2026-09-17,コーヒー豆200g,食品,大阪,2,1500,3000
2026-09-18,マグカップ,雑貨,大阪,2,1800,3600
2026-09-18,コーヒー豆200g,食品,福岡,5,1500,7500
2026-09-18,カフェオレベース,食品,札幌,5,980,4900
2026-09-18,マグカップ,雑貨,大阪,2,1800,3600
2026-09-18,定期便（月1）,サブスク,大阪,3,3600,10800
2026-09-19,カフェオレベース,食品,東京,3,980,2940
2026-09-19,マグカップ,雑貨,大阪,5,1800,9000
2026-09-20,コーヒー豆200g,食品,大阪,1,1500,1500
2026-09-20,マグカップ,雑貨,札幌,2,1800,3600
2026-09-20,タンブラー,雑貨,福岡,5,2800,14000
2026-09-21,定期便（月1）,サブスク,福岡,2,3600,7200
2026-09-21,ギフトセット,ギフト,札幌,5,4500,22500
2026-09-21,カフェオレベース,食品,名古屋,1,980,980
2026-09-21,コーヒー豆200g,食品,名古屋,3,1500,4500
2026-09-21,ドリップパックギフト,ギフト,その他,3,3200,9600
2026-09-22,コーヒー豆200g,食品,その他,3,1500,4500
2026-09-22,マグカップ,雑貨,福岡,5,1800,9000
2026-09-22,ドリップコーヒー12杯,食品,札幌,5,1200,6000
2026-09-22,マグカップ,雑貨,大阪,4,1800,7200
2026-09-22,コーヒー豆200g,食品,その他,2,1500,3000
2026-09-22,マグカップ,雑貨,札幌,4,1800,7200
2026-09-22,ドリップコーヒー12杯,食品,札幌,1,1200,1200
2026-09-23,タンブラー,雑貨,名古屋,4,2800,11200
2026-09-23,ギフトセット,ギフト,札幌,3,4500,13500
2026-09-23,カフェオレベース,食品,福岡,5,980,4900
2026-09-23,カフェオレベース,食品,大阪,3,980,2940
2026-09-23,マグカップ,雑貨,東京,3,1800,5400
2026-09-23,コーヒー豆200g,食品,大阪,4,1500,6000
2026-09-23,マグカップ,雑貨,名古屋,4,1800,7200
2026-09-24,定期便（月1）,サブスク,札幌,3,3600,10800
2026-09-24,ギフトセット,ギフト,大阪,3,4500,13500
2026-09-24,タンブラー,雑貨,名古屋,5,2800,14000
2026-09-24,タンブラー,雑貨,福岡,2,2800,5600
2026-09-24,ドリップパックギフト,ギフト,その他,2,3200,6400
2026-09-25,ドリップコーヒー12杯,食品,大阪,2,1200,2400
2026-09-25,タンブラー,雑貨,その他,4,2800,11200
2026-09-25,定期便（月1）,サブスク,その他,1,3600,3600
2026-09-25,コーヒー豆200g,食品,大阪,2,1500,3000
2026-09-25,ドリップコーヒー12杯,食品,その他,5,1200,6000
2026-09-25,ドリップコーヒー12杯,食品,大阪,2,1200,2400
2026-09-26,定期便（月1）,サブスク,名古屋,3,3600,10800
2026-09-26,マグカップ,雑貨,大阪,3,1800,5400
2026-09-26,カフェオレベース,食品,札幌,2,980,1960
2026-09-26,ドリップコーヒー12杯,食品,札幌,4,1200,4800
2026-09-26,タンブラー,雑貨,その他,3,2800,8400
2026-09-26,ギフトセット,ギフト,名古屋,1,4500,4500
2026-09-27,タンブラー,雑貨,福岡,5,2800,14000
2026-09-27,ドリップパックギフト,ギフト,東京,1,3200,3200
2026-09-27,タンブラー,雑貨,札幌,3,2800,8400
2026-09-27,ドリップパックギフト,ギフト,大阪,5,3200,16000
2026-09-27,マグカップ,雑貨,名古屋,2,1800,3600
2026-09-27,定期便（月1）,サブスク,福岡,2,3600,7200
2026-09-28,カフェオレベース,食品,東京,3,980,2940
2026-09-28,カフェオレベース,食品,東京,2,980,1960
2026-09-28,マグカップ,雑貨,福岡,3,1800,5400
2026-09-28,タンブラー,雑貨,福岡,1,2800,2800
2026-09-28,タンブラー,雑貨,福岡,4,2800,11200
2026-09-28,コーヒー豆200g,食品,名古屋,5,1500,7500
2026-09-28,定期便（月1）,サブスク,大阪,2,3600,7200
2026-09-29,カフェオレベース,食品,札幌,5,980,4900
2026-09-29,タンブラー,雑貨,名古屋,5,2800,14000
2026-09-29,コーヒー豆200g,食品,福岡,3,1500,4500
2026-09-29,カフェオレベース,食品,東京,3,980,2940
2026-09-29,カフェオレベース,食品,札幌,1,980,980
2026-09-29,マグカップ,雑貨,福岡,2,1800,3600
2026-09-30,ドリップパックギフト,ギフト,福岡,2,3200,6400
2026-09-30,カフェオレベース,食品,東京,5,980,4900
2026-09-30,ドリップパックギフト,ギフト,その他,4,3200,12800
2026-09-30,コーヒー豆200g,食品,大阪,3,1500,4500
2026-09-30,コーヒー豆200g,食品,その他,4,1500,6000
2026-09-30,タンブラー,雑貨,その他,1,2800,2800
2026-09-30,コーヒー豆200g,食品,その他,2,1500,3000
